{
  "minecraft:adventure/root": {
    "criteria": {
      "killed_something": "2019-07-15 12:46:34 -0400"
    },
    "done": true
  },
  "minecraft:adventure/kill_a_mob": {
    "criteria": {
      "zombie_pigman": "2019-07-15 12:46:34 -0400"
    },
    "done": true
  },
  "minecraft:adventure/kill_all_mobs": {
    "criteria": {
      "zombie_pigman": "2019-07-15 12:46:34 -0400"
    },
    "done": false
  },
  "minecraft:adventure/adventuring_time": {
    "criteria": {
      "plains": "2019-07-15 12:45:57 -0400"
    },
    "done": false
  }
}